region,fuel,hour,MW,marginal,lower,upper,scale
NR,nuclear,3,1620.0,0.0,0.0,inf,1.0
NR,nuclear,6,1620.0,0.0,0.0,inf,1.0
NR,nuclear,12,1620.0,0.0,0.0,inf,1.0
NR,nuclear,15,1620.0,0.0,0.0,inf,1.0
NR,nuclear,16,1620.0,0.0,0.0,inf,1.0
NR,nuclear,22,1620.0,0.0,0.0,inf,1.0
NR,hydro,3,8000.0,0.0,0.0,inf,1.0
NR,hydro,6,8000.0,0.0,0.0,inf,1.0
NR,hydro,12,8000.0,0.0,0.0,inf,1.0
NR,hydro,15,8000.0,0.0,0.0,inf,1.0
NR,hydro,16,8000.0,0.0,0.0,inf,1.0
NR,hydro,22,8000.0,0.0,0.0,inf,1.0
NR,coal,3,33000.0,0.0,0.0,inf,1.0
NR,coal,6,33000.0,0.0,0.0,inf,1.0
NR,coal,12,33000.0,0.0,0.0,inf,1.0
NR,coal,15,33000.0,0.0,0.0,inf,1.0
NR,coal,16,33000.0,0.0,0.0,inf,1.0
NR,coal,22,33000.0,0.0,0.0,inf,1.0
NR,gas,3,5711.0,0.0,0.0,inf,1.0
NR,gas,6,5711.0,0.0,0.0,inf,1.0
NR,gas,12,3696.0,0.0,0.0,inf,1.0
NR,gas,15,5711.0,0.0,0.0,inf,1.0
NR,gas,16,5711.0,0.0,0.0,inf,1.0
NR,gas,22,5711.0,0.0,0.0,inf,1.0
NR,solar,3,0.0,0.0,0.0,inf,1.0
NR,solar,6,7.0,0.0,0.0,inf,1.0
NR,solar,12,19899.0,0.0,0.0,inf,1.0
NR,solar,15,19899.0,0.0,0.0,inf,1.0
NR,solar,16,19899.0,0.0,0.0,inf,1.0
NR,solar,22,0.0,0.0,0.0,inf,1.0
NR,wind,3,517.0,0.0,0.0,inf,1.0
NR,wind,6,367.0,0.0,0.0,inf,1.0
NR,wind,12,272.0,0.0,0.0,inf,1.0
NR,wind,15,353.0,0.0,0.0,inf,1.0
NR,wind,16,375.0,0.0,0.0,inf,1.0
NR,wind,22,573.0,0.0,0.0,inf,1.0
WR,nuclear,3,3240.0,0.0,0.0,inf,1.0
WR,nuclear,6,3240.0,0.0,0.0,inf,1.0
WR,nuclear,12,3240.0,0.0,0.0,inf,1.0
WR,nuclear,15,3240.0,0.0,0.0,inf,1.0
WR,nuclear,16,3240.0,0.0,0.0,inf,1.0
WR,nuclear,22,3240.0,0.0,0.0,inf,1.0
WR,hydro,3,4000.0,0.0,0.0,inf,1.0
WR,hydro,6,4000.0,0.0,0.0,inf,1.0
WR,hydro,12,4000.0,0.0,0.0,inf,1.0
WR,hydro,15,4000.0,0.0,0.0,inf,1.0
WR,hydro,16,4000.0,0.0,0.0,inf,1.0
WR,hydro,22,4000.0,0.0,0.0,inf,1.0
WR,coal,3,68000.0,0.0,0.0,inf,1.0
WR,coal,6,68000.0,0.0,0.0,inf,1.0
WR,coal,12,68000.0,0.0,0.0,inf,1.0
WR,coal,15,68000.0,0.0,0.0,inf,1.0
WR,coal,16,68000.0,0.0,0.0,inf,1.0
WR,coal,22,68000.0,0.0,0.0,inf,1.0
WR,gas,3,0.0,2700.0,0.0,inf,1.0
WR,gas,6,0.0,2700.0,0.0,inf,1.0
WR,gas,12,0.0,2700.0,0.0,inf,1.0
WR,gas,15,0.0,2700.0,0.0,inf,1.0
WR,gas,16,0.0,2700.0,0.0,inf,1.0
WR,gas,22,2317.0,0.0,0.0,inf,1.0
WR,solar,3,0.0,0.0,0.0,inf,1.0
WR,solar,6,8.0,0.0,0.0,inf,1.0
WR,solar,12,24164.0,0.0,0.0,inf,1.0
WR,solar,15,24164.0,0.0,0.0,inf,1.0
WR,solar,16,24164.0,0.0,0.0,inf,1.0
WR,solar,22,0.0,0.0,0.0,inf,1.0
WR,wind,3,7021.0,0.0,0.0,inf,1.0
WR,wind,6,4979.0,0.0,0.0,inf,1.0
WR,wind,12,3695.0,0.0,0.0,inf,1.0
WR,wind,15,4788.0,0.0,0.0,inf,1.0
WR,wind,16,5094.0,0.0,0.0,inf,1.0
WR,wind,22,7779.0,0.0,0.0,inf,1.0
SR,nuclear,3,3320.0,0.0,0.0,inf,1.0
SR,nuclear,6,3320.0,0.0,0.0,inf,1.0
SR,nuclear,12,3320.0,0.0,0.0,inf,1.0
SR,nuclear,15,3320.0,0.0,0.0,inf,1.0
SR,nuclear,16,3320.0,0.0,0.0,inf,1.0
SR,nuclear,22,3320.0,0.0,0.0,inf,1.0
SR,hydro,3,8000.0,0.0,0.0,inf,1.0
SR,hydro,6,8000.0,0.0,0.0,inf,1.0
SR,hydro,12,8000.0,0.0,0.0,inf,1.0
SR,hydro,15,8000.0,0.0,0.0,inf,1.0
SR,hydro,16,8000.0,0.0,0.0,inf,1.0
SR,hydro,22,8000.0,0.0,0.0,inf,1.0
SR,coal,3,26086.0,0.0,0.0,inf,1.0
SR,coal,6,25169.0,0.0,0.0,inf,1.0
SR,coal,12,2184.0,0.0,0.0,inf,1.0
SR,coal,15,9868.0,0.0,0.0,inf,1.0
SR,coal,16,15834.0,0.0,0.0,inf,1.0
SR,coal,22,28000.0,0.0,0.0,inf,1.0
SR,gas,3,0.0,3200.0,0.0,inf,1.0
SR,gas,6,0.0,3200.0,0.0,inf,1.0
SR,gas,12,0.0,3200.0,0.0,inf,1.0
SR,gas,15,0.0,3200.0,0.0,inf,1.0
SR,gas,16,0.0,3200.0,0.0,inf,1.0
SR,gas,22,0.0,500.0,0.0,inf,1.0
SR,solar,3,0.0,0.0,0.0,inf,1.0
SR,solar,6,4.0,0.0,0.0,inf,1.0
SR,solar,12,15898.0,0.0,0.0,inf,1.0
SR,solar,15,14635.0,0.0,0.0,inf,1.0
SR,solar,16,12868.0,0.0,0.0,inf,1.0
SR,solar,22,0.0,0.0,0.0,inf,1.0
SR,wind,3,7761.0,0.0,0.0,inf,1.0
SR,wind,6,5503.0,0.0,0.0,inf,1.0
SR,wind,12,4084.0,0.0,0.0,inf,1.0
SR,wind,15,5292.0,0.0,0.0,inf,1.0
SR,wind,16,5630.0,0.0,0.0,inf,1.0
SR,wind,22,8598.0,0.0,0.0,inf,1.0
ER,nuclear,3,0.0,0.0,0.0,inf,1.0
ER,nuclear,6,0.0,0.0,0.0,inf,1.0
ER,nuclear,12,0.0,0.0,0.0,inf,1.0
ER,nuclear,15,0.0,0.0,0.0,inf,1.0
ER,nuclear,16,0.0,0.0,0.0,inf,1.0
ER,nuclear,22,0.0,0.0,0.0,inf,1.0
ER,hydro,3,5988.0,0.0,0.0,inf,1.0
ER,hydro,6,5988.0,0.0,0.0,inf,1.0
ER,hydro,12,5988.0,0.0,0.0,inf,1.0
ER,hydro,15,5988.0,0.0,0.0,inf,1.0
ER,hydro,16,5988.0,0.0,0.0,inf,1.0
ER,hydro,22,5988.0,0.0,0.0,inf,1.0
ER,coal,3,37000.0,0.0,0.0,inf,1.0
ER,coal,6,37000.0,0.0,0.0,inf,1.0
ER,coal,12,37000.0,0.0,0.0,inf,1.0
ER,coal,15,37000.0,0.0,0.0,inf,1.0
ER,coal,16,37000.0,0.0,0.0,inf,1.0
ER,coal,22,37000.0,0.0,0.0,inf,1.0
ER,gas,3,0.0,0.0,0.0,inf,1.0
ER,gas,6,0.0,0.0,0.0,inf,1.0
ER,gas,12,0.0,0.0,0.0,inf,1.0
ER,gas,15,0.0,0.0,0.0,inf,1.0
ER,gas,16,0.0,0.0,0.0,inf,1.0
ER,gas,22,0.0,0.0,0.0,inf,1.0
ER,solar,3,0.0,0.0,0.0,inf,1.0
ER,solar,6,0.0,0.0,0.0,inf,1.0
ER,solar,12,621.0,0.0,0.0,inf,1.0
ER,solar,15,621.0,0.0,0.0,inf,1.0
ER,solar,16,621.0,0.0,0.0,inf,1.0
ER,solar,22,0.0,0.0,0.0,inf,1.0
ER,wind,3,0.0,0.0,0.0,inf,1.0
ER,wind,6,0.0,0.0,0.0,inf,1.0
ER,wind,12,0.0,0.0,0.0,inf,1.0
ER,wind,15,0.0,0.0,0.0,inf,1.0
ER,wind,16,0.0,0.0,0.0,inf,1.0
ER,wind,22,0.0,0.0,0.0,inf,1.0
NER,nuclear,3,0.0,0.0,0.0,inf,1.0
NER,nuclear,6,0.0,0.0,0.0,inf,1.0
NER,nuclear,12,0.0,0.0,0.0,inf,1.0
NER,nuclear,15,0.0,0.0,0.0,inf,1.0
NER,nuclear,16,0.0,0.0,0.0,inf,1.0
NER,nuclear,22,0.0,0.0,0.0,inf,1.0
NER,hydro,3,2773.0,0.0,0.0,inf,1.0
NER,hydro,6,2773.0,0.0,0.0,inf,1.0
NER,hydro,12,2773.0,0.0,0.0,inf,1.0
NER,hydro,15,2773.0,0.0,0.0,inf,1.0
NER,hydro,16,2773.0,0.0,0.0,inf,1.0
NER,hydro,22,2773.0,0.0,0.0,inf,1.0
NER,coal,3,0.0,200.0,0.0,inf,1.0
NER,coal,6,0.0,200.0,0.0,inf,1.0
NER,coal,12,0.0,200.0,0.0,inf,1.0
NER,coal,15,0.0,200.0,0.0,inf,1.0
NER,coal,16,0.0,200.0,0.0,inf,1.0
NER,coal,22,750.0,0.0,0.0,inf,1.0
NER,gas,3,0.0,2200.0,0.0,inf,1.0
NER,gas,6,0.0,2200.0,0.0,inf,1.0
NER,gas,12,0.0,2200.0,0.0,inf,1.0
NER,gas,15,0.0,2200.0,0.0,inf,1.0
NER,gas,16,0.0,2200.0,0.0,inf,1.0
NER,gas,22,1665.0,0.0,0.0,inf,1.0
NER,solar,3,0.0,0.0,0.0,inf,1.0
NER,solar,6,0.0,0.0,0.0,inf,1.0
NER,solar,12,195.0,0.0,0.0,inf,1.0
NER,solar,15,195.0,0.0,0.0,inf,1.0
NER,solar,16,193.0,0.0,0.0,inf,1.0
NER,solar,22,0.0,0.0,0.0,inf,1.0
NER,wind,3,0.0,0.0,0.0,inf,1.0
NER,wind,6,0.0,0.0,0.0,inf,1.0
NER,wind,12,0.0,0.0,0.0,inf,1.0
NER,wind,15,0.0,0.0,0.0,inf,1.0
NER,wind,16,0.0,0.0,0.0,inf,1.0
NER,wind,22,0.0,0.0,0.0,inf,1.0
